1;https://drive.google.com/thumbnail?id=1ZATcsoSk0LF7irVvf3-IN1GFi2PrHj2v&sz=w1000;Imagen;FellBlade Falchion Baneblade Legion Glaive;Warhammer ;S/D;;image/png;H;Vehicule;;;R;Si
2;https://drive.google.com/thumbnail?id=1M2_2FVZ12kUhStLRzOjPuguwwHbp6r1i&sz=w1000;Imagen;Horus Thin Praetor - Glut ;Warhammer ;S/D;;image/png;M;Space Marine;Gun;;R;Si
3;https://drive.google.com/thumbnail?id=10PrscjPEeMm0g9QF2UQaVkaFrd4O8oBc&sz=w1000;Imagen;Saturnine TA 1;Warhammer ;S/D;;image/png;M;Space Marine;Gun;;C;Si
4;https://drive.google.com/thumbnail?id=1HC23xxUlWpsUNPObUuBVdxINQp4n6gDM&sz=w1000;Imagen;horsemen-render-1-p;Warhammer ;One Page Rules;;image/png;L;Undead;Mounted/Sword;;C;Si
5;https://drive.google.com/thumbnail?id=1LZMHX5GO1WO8DyY7kMbVQsKN5XOz2d4e&sz=w1000;Imagen;horsemen-render-2-p;Warhammer ;One Page Rules;;image/png;L;Undead;Mounted/Spear;;C;Si
6;https://drive.google.com/thumbnail?id=1t_XNUb4N4zaJ_6y4L7OQV1pnfK2GOqza&sz=w1000;Imagen;horsemen-render-3-p;Warhammer ;One Page Rules;;image/png;L;Undead;Sword/Spear/Mounted;;C;Si
7;https://drive.google.com/thumbnail?id=19njiZFDPjtS3E6FJWMcA2KdqjcqKPsMG&sz=w1000;Imagen;warriors-render-3-p;Warhammer ;One Page Rules;;image/png;M;Undead;Sword/Shield;;C;Si
8;https://drive.google.com/thumbnail?id=13qgeSvJtfqxIyegi_E6K3RBCFMKMbF0O&sz=w1000;Imagen;warriors-render-2-p;Warhammer ;One Page Rules;;image/png;M;Undead;Sword/Shield;;C;Si
9;https://drive.google.com/thumbnail?id=1oa0IgnEmiUuJDfOVN2rcIErKES-jdAKD&sz=w1000;Imagen;warriors-render-1-p;Warhammer ;One Page Rules;;image/png;M;Undead;Sword/Shield;;C;Si
10;https://drive.google.com/thumbnail?id=1p_L6_nvYd2qMCOHGYX7DBZ3h0inl8njx&sz=w1000;Imagen;warriors-render-4-p;Warhammer ;One Page Rules;;image/png;M;Undead;Sword;;C;Si
11;https://drive.google.com/thumbnail?id=1pj63nGNwGAgEJk0c5bU053IYCheS3wWx&sz=w1000;Imagen;king-render-1-p;Warhammer ;One Page Rules;;image/png;M;Undead;Sword;;C;Si
12;https://drive.google.com/thumbnail?id=13y8pNqlTxXczpHNh6Z0KyBoUsTwnyc6s&sz=w1000;Imagen;mummified-render-1-p;Warhammer ;One Page Rules;;image/png;header;Undead;Sword/Shield/Mounted;;C;Si
13;https://drive.google.com/thumbnail?id=11fiGfqdDwh3hvXqp47WJUhf8-QdvcPtR&sz=w1000;Imagen;Mummified Undead - Medium Terrain;Warhammer ;One Page Rules;;image/png;M/L/H/G;Terrain;;;C;Si
14;https://drive.google.com/thumbnail?id=15w7DSDWpplrZlhG7h1m7Ft7abvtD39zm&sz=w1000;Imagen;Mummified Undead - Medium Terrain-04;Warhammer ;One Page Rules;;image/png;M/L/H/G;Terrain;;;C;Si
15;https://drive.google.com/thumbnail?id=1uRt7ygCjdj8mT28ao2HyDZZKLkoRyuhf&sz=w1000;Imagen;Mummified Undead - Medium Terrain-03;Warhammer ;One Page Rules;;image/png;M/L/H/G;Terrain;;;C;Si
16;https://drive.google.com/thumbnail?id=18KtC3QXlGWRGJBJvkW25zjcGvY__A4dt&sz=w1000;Imagen;Mummified Undead - Medium Terrain-02;Warhammer ;One Page Rules;;image/png;M/L/H/G;Terrain;;;C;Si
17;https://drive.google.com/thumbnail?id=1DjJ2khgJmSlD-JkmT-n0N0P2PnqY5sHk&sz=w1000;Imagen;Mummified Undead - Medium Terrain-01;Warhammer ;One Page Rules;;image/png;M/L/H/G;Terrain;;;C;Si
18;https://drive.google.com/thumbnail?id=1v-xn-jx_HTjbV25sCATQL1cAVU3sNAPH&sz=w1000;Imagen;Mummified Undead - Area Terrain;Warhammer ;One Page Rules;;image/png;M/L/H/G;Terrain;;;C;Si
19;https://drive.google.com/thumbnail?id=1DKS5t39E5OAOz18NXnP6djqaV2Q7EYwv&sz=w1000;Imagen;Mummified Undead - Area Terrain-02;Warhammer ;One Page Rules;;image/png;M/L/H/G;Terrain;;;C;Si
20;https://drive.google.com/thumbnail?id=1AMznpKQWexD7UsD4afppIa_lfd6Fnvjh&sz=w1000;Imagen;Mummified Undead - Area Terrain-01;;One Page Rules;Warhammer ;image/png;M/L/H/G;Terrain;;;C;Si
21;https://drive.google.com/thumbnail?id=1-EmNNKKMBz5VqTwzU4Pkxc1Hlgfkrl9H&sz=w1000;Imagen;Mummified Undead - Area Terrain-00;;One Page Rules;Warhammer ;image/png;M/L/H/G;Terrain;;;C;Si
22;https://drive.google.com/thumbnail?id=1tryHEdAr6ERcCXxulm7ruZct_UEGU1zY&sz=w1000;Imagen;Mummified Undead - Scatter Terrain;;One Page Rules;Warhammer ;image/png;M/L/H/G;Terrain;;;C;Si
23;https://drive.google.com/thumbnail?id=180hTNlAvgrvlnM6ZcRzlYTVUs__MJYQy&sz=w1000;Imagen;Mummified Undead - Scatter Terrain-02;;One Page Rules;Warhammer ;image/png;M/L/H/G;Terrain;;;C;Si
24;https://drive.google.com/thumbnail?id=1jPtDF2f-TAqBnxjs8klmdI82-npjk-qD&sz=w1000;Imagen;Mummified Undead - Scatter Terrain-01;;One Page Rules;Warhammer ;image/png;M/L/H/G;Terrain;;;C;Si
25;https://drive.google.com/thumbnail?id=1QYZf3ZUrUwMYKovWK0p_KbBJQ0YnEX-k&sz=w1000;Imagen;Mummified Undead - Scatter Terrain-00;;One Page Rules;Warhammer ;image/png;M/L/H/G;Terrain;;;C;Si
26;https://drive.google.com/thumbnail?id=1-KjiogoqPAwPlx_WB9T-R1fJF5mtAeep&sz=w1000;Imagen;rl-tri-scorpions-render-3;;One Page Rules;Robot Legions;image/jpeg;L;Robot;;;R;Si
27;https://drive.google.com/thumbnail?id=198iXY8ZIIrxgBGZbqwESQvG_Zes1GdBh&sz=w1000;Imagen;rl-tri-scorpions-render-2;;One Page Rules;Robot Legions;image/jpeg;L;Robot;;;R;Si
28;https://drive.google.com/thumbnail?id=1JiQnq-FMbdNtmMTJ25kVJBn6e461vHTE&sz=w1000;Imagen;rl-tri-scorpions-render-1;;One Page Rules;Robot Legions;image/jpeg;L;Robot;;;R;Si
29;https://drive.google.com/thumbnail?id=1gb701vIIveypHv-h-8fAuH84s7C7PcUE&sz=w1000;Imagen;rl-tri-scorpions-render-ads;;One Page Rules;Robot Legions;image/jpeg;L;Robot;;;R;Si
30;https://drive.google.com/thumbnail?id=1WJOH5MFLugD0URPxW4awF3i5CXfG-kti&sz=w1000;Imagen;Robot Legions - Small Terrain;Warhammer ;One Page Rules;Robot Legions;image/png;M/L/H/G;Terrain;;;C;Si
31;https://drive.google.com/thumbnail?id=1MpxTxSLJW3uQlOK2aYVOeHffP98_LZ_q&sz=w1000;Imagen;Robot Legions - Small Terrain 04;Warhammer ;One Page Rules;Robot Legions;image/png;M/L/H/G;Terrain;;;C;Si
32;https://drive.google.com/thumbnail?id=1GTif1E8a-FbzK1oHTL7C01Xp51hBysM1&sz=w1000;Imagen;Robot Legions - Small Terrain 03;Warhammer ;One Page Rules;Robot Legions;image/png;M/L/H/G;Terrain;;;C;Si
33;https://drive.google.com/thumbnail?id=1mnBU2EXxGorfhKkDoI5Zvd7RoiCy-GFL&sz=w1000;Imagen;Robot Legions - Small Terrain 02;Warhammer ;One Page Rules;Robot Legions;image/png;M/L/H/G;Terrain;;;C;Si
34;https://drive.google.com/thumbnail?id=1EhM8JK1M9EFD4JUzLaDafP2f4quWk6K4&sz=w1000;Imagen;Robot Legions - Small Terrain 01;Warhammer ;One Page Rules;Robot Legions;image/png;M/L/H/G;Terrain;;;C;Si
35;https://drive.google.com/thumbnail?id=1gAxVW9v25VpQCm7aqxQ-jnlyhSnl63Ml&sz=w1000;Imagen;Robot Legions - Scatter Terrain;Warhammer ;One Page Rules;Robot Legions;image/png;M/L/H/G;Terrain;;;C;Si
36;https://drive.google.com/thumbnail?id=1Ch2PaORMBqta4XpohAN521rQpX3dVvhk&sz=w1000;Imagen;Robot Legions - Scatter Terrain 3;Warhammer ;One Page Rules;Robot Legions;image/png;M/L/H/G;Terrain;;;C;Si
37;https://drive.google.com/thumbnail?id=1O3WWfWs-4sidfEWXOIVYU6oyrWEj-TmO&sz=w1000;Imagen;Robot Legions - Scatter Terrain 2;Warhammer ;One Page Rules;Robot Legions;image/png;M/L/H/G;Terrain;;;C;Si
38;https://drive.google.com/thumbnail?id=15q6bFGmKI3k7btNKLbVj2FAVRUs0JC6Q&sz=w1000;Imagen;Robot Legions - Scatter Terrain 1;Warhammer ;One Page Rules;Robot Legions;image/png;M/L/H/G;Terrain;;;C;Si
39;https://drive.google.com/thumbnail?id=13MZjnbaj7sP8jgyLphxlXy8AQjAsS9wH&sz=w1000;Imagen; Area Terrain;Warhammer ;One Page Rules;Robot Legions;image/png;M/L/H/G;Terrain;;;C;Si
40;https://drive.google.com/thumbnail?id=1Ds8JJd2B0Um6HeWaJTCU0PF_ZQ0izPf7&sz=w1000;Imagen; Area Terrain 3;Warhammer ;One Page Rules;Robot Legions;image/png;M/L/H/G;Terrain;;;C;Si
41;https://drive.google.com/thumbnail?id=1_sv9EOZzzlsviRqT2qiob9eTNJWh0VM-&sz=w1000;Imagen; Area Terrain 2;Warhammer ;One Page Rules;Robot Legions;image/png;M/L/H/G;Terrain;;;C;Si
42;https://drive.google.com/thumbnail?id=1IKZFtk7i4Sta9eU859_OlCuq1rdp0xFS&sz=w1000;Imagen; Area Terrain 1;Warhammer ;One Page Rules;Robot Legions;image/png;M/L/H/G;Terrain;;;C;Si
43;https://drive.google.com/thumbnail?id=1vCEAc1lARkLm6WeWOx3WCp6Ti1tPUZeR&sz=w1000;Imagen; Tri-Scorpion Overseer;Warhammer ;One Page Rules;Robot Legions;image/png;L;Robot;;;;Si
49;https://drive.google.com/thumbnail?id=1JVQaomUD_VwhxztMdfJVvh3BcNs2rWsv&sz=w1000;Imagen; Large Terrain;Warhammer ;One Page Rules;Robot Legions;image/png;H/G;Terrain;;;C;Si
50;https://drive.google.com/thumbnail?id=107LLD5AYcZm1Voaou8lwKbqO5JolkzfI&sz=w1000;Imagen; Spider Robot-04;Warhammer ;One Page Rules;Robot Legions;image/png;L;Robot;;;R;Si
51;https://drive.google.com/thumbnail?id=1E2Rwd2zQrirRwDBUc1nLQVgNo5xmVRZ4&sz=w1000;Imagen; Great Wraith-02;Warhammer ;One Page Rules;Robot Legions;image/png;H;Robot;;;L;Si
52;https://drive.google.com/thumbnail?id=1zcKoQ5ALlbaZnqHhAadnqqq9fFJ-aKuS&sz=w1000;Imagen; Spider Robot;Warhammer ;One Page Rules;Robot Legions;image/png;L;Robot;;;R;Si
53;https://drive.google.com/thumbnail?id=1NKdw5GYY8y2vuRnIIfbc3-fOAI4yciHj&sz=w1000;Imagen; Spider Robot-03;Warhammer ;One Page Rules;Robot Legions;image/png;L;Robot;;;R;Si
54;https://drive.google.com/thumbnail?id=1SaG6_TX7xNEoApkWCzyGqOLd1dhs8_AI&sz=w1000;Imagen; Spider Robot-02;Warhammer ;One Page Rules;Robot Legions;image/png;L;Robot;;;R;Si
55;https://drive.google.com/thumbnail?id=1Sjtk8lqMHBrd8Ij8i9MPP04VJ96H9DyZ&sz=w1000;Imagen; Spider Robot-01;Warhammer ;One Page Rules;Robot Legions;image/png;L;Robot;;;R;Si
56;https://drive.google.com/thumbnail?id=1v7B89hTlNScVVg32EcHIEGpIsCWYA4Ie&sz=w1000;Imagen; Spider Robot-00;Warhammer ;One Page Rules;Robot Legions;image/png;L;Robot;;;R;Si
446;https://drive.google.com/thumbnail?id=1n9y06RCA6llqVNDplQKbS1MDRR2Oa8O9&sz=w1000;Imagen;Demon hunter Weapons;;Cast n Play;Demon Hunters;image/jpeg;S;Object;;;C;Si
447;https://drive.google.com/thumbnail?id=1NcIYIh4kmzVS4kthpK3i60pCNoyrhkyy&sz=w1000;Imagen;Demon Hunter Bases;;Cast n Play;Demon Hunters;image/jpeg;M/L;Base;;;C;Si
448;https://drive.google.com/thumbnail?id=1E7NhEEYOPcNn9v4l7lyUq2Se9fvHc2wh&sz=w1000;Imagen;Demon Hunter Carriage parts;;Cast n Play;Demon Hunters;image/jpeg;L;Object;;;C;Si
449;https://drive.google.com/thumbnail?id=1_s5L155EornKHjs2XnWfbo516vulR-S4&sz=w1000;Imagen;Demon Hunter Carriage;;Cast n Play;Demon Hunters;image/jpeg;L;Object;;;R;Si
450;https://drive.google.com/thumbnail?id=1FXpx99sVjR2dYcAZMBBndeGBiUY9Luqq&sz=w1000;Imagen;Demon Hunter Banners;;Cast n Play;Demon Hunters;image/jpeg;S;Object;;;C;Si
451;https://drive.google.com/thumbnail?id=1nz-mT4SgmLGf3VVD5ENxjdT3mrLGmw8F&sz=w1000;Imagen;Demon Hunter Sorcerer;;Cast n Play;Demon Hunters;image/jpeg;M;Humanoid;Axe/Magic;;C;Si
452;https://drive.google.com/thumbnail?id=1DhVbOUD2mtiw3Z7RJxkeVwCojIHXJ_uj&sz=w1000;Imagen;Multi Armed Demon;;Cast n Play;Demon Hunters;image/jpeg;L;Demon;Claws;;R;Si
453;https://drive.google.com/thumbnail?id=1yipTeV4YyHM5lsQKurXk-nV1iVCLemWO&sz=w1000;Imagen;Demon Hunter - Thorn Solaris;;Cast n Play;Demon Hunters;image/jpeg;M;Humanoid;Sword;;R;Si
454;https://drive.google.com/thumbnail?id=16AaHQ-vl9iDjDY3IJ_F-2syI-cvFFdPC&sz=w1000;Imagen;Demon Hunter - Ares Dark Sorrow;;Cast n Play;Demon Hunters;image/jpeg;M;Humanoid;Hammer/Maul;;C;Si
455;https://drive.google.com/thumbnail?id=1cB4FBy2SAbqSSvDb0P1ZjdjDyyVymPox&sz=w1000;Imagen;Demon Hunter - Orc Grull Hellborne;;Cast n Play;Demon Hunters;image/jpeg;M;Humanoid;Gun;;C;Si
456;https://drive.google.com/thumbnail?id=1OFNQ7ZguGmznnCGE2Jkx-LWZ87QXvoeh&sz=w1000;Imagen;Dark Imp;;Cast n Play;Demon Hunters;image/jpeg;M;Imp;Halberd;;C;Si
457;https://drive.google.com/thumbnail?id=1CHU7M2BPHscbgTx1wRHi9zYZk5SmzGNf&sz=w1000;Imagen;Demon Hunter - Xhiara Gerunner;;Cast n Play;Demon Hunters;image/jpeg;M;Humanoid;Crossbow;;R;Si
3541;https://drive.google.com/thumbnail?id=18-ectfLaAiC7uKxyiZf1HhaBE2sYQkhN&sz=w1000;Imagen;Wonder Woman Absolute;;Zez Studio;Games & Series & Movies;image/png;;Statue;;DC;;Si
3542;https://drive.google.com/thumbnail?id=1UgqJIRv0S0Zs3vpEqIt9c2JpZE9MOyKK&sz=w1000;Imagen;Aquaman;;Zez Studio;Games & Series & Movies;image/png;;Statue;;DC;;Si
3588;https://drive.google.com/thumbnail?id=1NFdNSxV3SAImR6yHCyAIHiGhKR8afFPh&sz=w1000;Imagen;Darth Vader;;Zez Studio;Games & Series & Movies;image/png;;Statue;;Star Wars;;Si
3602;https://drive.google.com/thumbnail?id=1F7_b4FqUILTtp2kUFSL45zgopDc3spqS&sz=w1000;Imagen;Thor;Marvel;Wicked;Games & Series & Movies;image/png;H;Statue;;Marvel;L;Si
3603;https://drive.google.com/thumbnail?id=1JZGzCm67NqW8K8Hi-tlTiH_whUP1yU3X&sz=w1000;Imagen;Daredevil;Marvel;Wicked;Games & Series & Movies;image/png;H;Statue;;Marvel;L;Si
3604;https://drive.google.com/thumbnail?id=15yxpSPE43NM_Q0ACC9WWltmFYhHLKGz3&sz=w1000;Imagen;Punisher;Marvel;Wicked;Games & Series & Movies;image/png;H;Statue;;Marvel;L;Si
3614;https://drive.google.com/thumbnail?id=1BWJdGUz4mC6C1DgY7YqYv8bctzbp9jXH&sz=w1000;Imagen;Mantis;Marvel;3D Moon;Sin set;image/png;;;;Marvel's Rivals;;Si
3615;https://drive.google.com/thumbnail?id=1rxTv7pHBo_8OrZbT2iPWYBZFwxuvSrym&sz=w1000;Imagen;Magik;Marvel;3D Moon;Sin set;image/png;;;;Marvel's Rivals;;Si
3640;https://drive.google.com/thumbnail?id=1syg4f707ax7f5vl9VADFz2dzJuzBDppq&sz=w1000;Imagen;Thanos;;Zez Studio;Games & Series & Movies;image/png;;Statue;;Marvel;;si
3644;https://drive.google.com/thumbnail?id=1bPW5Ek-xo4H1ctxo3V7PM1al84bBOGU_&sz=w1000;Imagen;Punisher vs Hulk;Marvel;Wicked;Games & Series & Movies;image/png;G;Statue;;Marvel;L;Si
3645;https://drive.google.com/thumbnail?id=1h_XTyUHR1_MGB4F1uNGf9VLWHauh4m66&sz=w1000;Imagen;Venom Agent;Marvel;Wicked;Games & Series & Movies;image/png;H;Statue;;Marvel;L;Si
3656;https://drive.google.com/thumbnail?id=1QSMYonCRsGzdgrUJsznwQW53ecRofN3q&sz=w1000;Imagen;Galacta;Marvel;3D Moon;Sin set;image/png;;;;Marvel's Rivals;;Si
10407;https://drive.google.com/thumbnail?id=1yjxKucgH8_D93UWAkrbaZUx9Qi_kMoU6&sz=w1000;Imagen;DaiGaikotsuSenshi03;;Archvillian Games;Zetsumei - Path of the Demon;image/jpeg;M;Undead;Spear;;R;Si
10408;https://drive.google.com/thumbnail?id=10eNS4h-KqsY1NME2RTv8aqu4sg7RwHmK&sz=w1000;Imagen;ShutenOni04;;Archvillian Games;Zetsumei - Path of the Demon;image/jpeg;;Fiend;Sword;;R;Si
10409;https://drive.google.com/thumbnail?id=1WRpxoKuzO484tj0I-0BjxTuc5Rzrtkkn&sz=w1000;Imagen;ShutenOni03;;Archvillian Games;Zetsumei - Path of the Demon;image/jpeg;;Fiend;Magic;;R;Si
10410;https://drive.google.com/thumbnail?id=15B7BP5mhieM3tqQKqnHsDAbj5XCu4eRB&sz=w1000;Imagen;SoreiIre03;;Archvillian Games;Zetsumei - Path of the Demon;image/jpeg;;Fiend;Claws;;R;Si
10411;https://drive.google.com/thumbnail?id=14urPVdUFtrkdHtNrc-AgQmXuAtiWfFdf&sz=w1000;Imagen;SoreiIre02;;Archvillian Games;Zetsumei - Path of the Demon;image/jpeg;L;Fiend;Hands;;R;Si
10412;https://drive.google.com/thumbnail?id=1_y0CKZt2WMXVVQ3GBAtNg2Fct8IoOWkf&sz=w1000;Imagen;SoreiIre04;;Archvillian Games;Zetsumei - Path of the Demon;image/jpeg;M;Fiend;Whip;;R;Si
10413;https://drive.google.com/thumbnail?id=1GSySJzZuw4PH6PYBy2BlDRxijVFp_ZD2&sz=w1000;Imagen;SoreiIre01;;Archvillian Games;Zetsumei - Path of the Demon;image/jpeg;M;Fiend;Hammer;;R;Si
10414;https://drive.google.com/thumbnail?id=1f1XB4xFTyEYlXrestRwjBYAZe99RAO2v&sz=w1000;Imagen;KemuriOnna01;;Archvillian Games;Zetsumei - Path of the Demon;image/jpeg;M;Fiend;Sword;;R;Si
10415;https://drive.google.com/thumbnail?id=12XuYDkykO01P_m9PxNRhuPMo2jgHE6qh&sz=w1000;Imagen;KemuriOnna04;;Archvillian Games;Zetsumei - Path of the Demon;image/jpeg;M;Fiend;Katana;;R;Si
10416;https://drive.google.com/thumbnail?id=1wGFQ3AOk3t6rvYL_stWmQwAeca8GIcVK&sz=w1000;Imagen;KemuriOnna03;;Archvillian Games;Zetsumei - Path of the Demon;image/jpeg;M;Fiend;Instrument;;R;Si
10417;https://drive.google.com/thumbnail?id=1NkYgptawY_GtHHDBx61qUQpVTkZ4DL7C&sz=w1000;Imagen;DaiGaikotsuSenshi01;;Archvillian Games;Zetsumei - Path of the Demon;image/jpeg;M;Undead;Katana;;R;Si
10418;https://drive.google.com/thumbnail?id=1xypTLjhjeKiOixA136OfofhMI9Eke1K5&sz=w1000;Imagen;DaiGaikotsuSenshi04;;Archvillian Games;Zetsumei - Path of the Demon;image/jpeg;M;Undead;Katana;;R;Si
10419;https://drive.google.com/thumbnail?id=1oDePner81SnDSa-ltdzvRY-r2Fv9amm5&sz=w1000;Imagen;KemuriOnna02;;Archvillian Games;Zetsumei - Path of the Demon;image/jpeg;L;Fiend;Tessen;;R;Si
10420;https://drive.google.com/thumbnail?id=1v3TF-ugEnXauXnNTTODqTyM4TsnuFK6X&sz=w1000;Imagen;DaiGaikotsuSenshi02;;Archvillian Games;Zetsumei - Path of the Demon;image/jpeg;M;Undead;Axe;;R;Si
10421;https://drive.google.com/thumbnail?id=1WooNUvd2lDc9N4RT1yiVu2cBMKa3vl_L&sz=w1000;Imagen;IreSenshi01;;Archvillian Games;Zetsumei - Path of the Demon;image/jpeg;M;Undead;Katana;;R;Si
10422;https://drive.google.com/thumbnail?id=1lDy_PnRYVbOXxWVU1cL_Ne-rmxvS2s-C&sz=w1000;Imagen;IreSenshi04;;Archvillian Games;Zetsumei - Path of the Demon;image/jpeg;M;Undead;Katana;;R;Si
10423;https://drive.google.com/thumbnail?id=1CPX7O0dKmhTDkYtttN7XLxCNvDcQNtBF&sz=w1000;Imagen;IreSenshi02;;Archvillian Games;Zetsumei - Path of the Demon;image/jpeg;M;Undead;Spear;;R;Si
10424;https://drive.google.com/thumbnail?id=1fcCFMtmmGfLrIFtBm1jXT0xUhSOXAb2D&sz=w1000;Imagen;IreSenshi03;;Archvillian Games;Zetsumei - Path of the Demon;image/jpeg;M;Undead;Maul;;R;Si
10425;https://drive.google.com/thumbnail?id=1CAvZAabPIwbGa0VTzarTIRJj5B99itVB&sz=w1000;Imagen;JinjaObake03;;Archvillian Games;Zetsumei - Path of the Demon;image/jpeg;M;Fiend;Staff;;R;Si
10426;https://drive.google.com/thumbnail?id=1asFjNhbzM2RkmgT8whoxM88lF1zqD4SM&sz=w1000;Imagen;ShutenOni02;;Archvillian Games;Zetsumei - Path of the Demon;image/jpeg;L;Fiend;Spear;;R;Si
10427;https://drive.google.com/thumbnail?id=1vxFErSQz27BHVB1xOtj0E4UF1Bt31oWm&sz=w1000;Imagen;ShutenOni01;;Archvillian Games;Zetsumei - Path of the Demon;image/jpeg;L;Fiend;Axe;;R;Si
10428;https://drive.google.com/thumbnail?id=1eZxqaX6Lu7dmZMxXcIaG4gRFCCXMe43t&sz=w1000;Imagen;JinjaObake04;;Archvillian Games;Zetsumei - Path of the Demon;image/jpeg;L;Fiend;Staff;;R;Si
10429;https://drive.google.com/thumbnail?id=1B7ZbmdquY-f0WAPuTbzENp9iwzMsVpUk&sz=w1000;Imagen;JinjaObake01;;Archvillian Games;Zetsumei - Path of the Demon;image/jpeg;L;Fiend;Sword;;R;Si
10430;https://drive.google.com/thumbnail?id=1Sa_oBy4Epv3khdSxoNkpJaGiFMjwPmpk&sz=w1000;Imagen;GreatYokai01;;Archvillian Games;Zetsumei - Path of the Demon;image/jpeg;L;Fiend;Staff;;R;Si
10431;https://drive.google.com/thumbnail?id=1IcYr_6NOoOZQUsQGY41IPusd3Sd20N--&sz=w1000;Imagen;JinjaObake02;;Archvillian Games;Zetsumei - Path of the Demon;image/jpeg;L;Fiend;Staff;;R;Si
10432;https://drive.google.com/thumbnail?id=1xVD3cpzp-X0UbXIrmtOD8UDHcFerCcG_&sz=w1000;Imagen;Bust01;;Archvillian Games;Zetsumei - Path of the Demon;image/jpeg;L;Undead;Katana;;R;Si
