58;https://drive.google.com/thumbnail?id=1a4hFa42lao3ht_-QZpzvO_H8RTeY4piX&sz=w1000;Imagen;Warriors;SCI-FI;One Page Rules;Grimdark Future;image/jpeg;M;Robot;Gun;;R;Si
59;https://drive.google.com/thumbnail?id=1M_kejTkmis3ILzKEKPLjHtEKV3wVODG0&sz=w1000;Imagen;Warden;SCI-FI;One Page Rules;Grimdark Future;image/jpeg;M;Robot;Gun;;R;Si
60;https://drive.google.com/thumbnail?id=1fSkTJSTksj21UKUsUH5CMHu2zErIvb7e&sz=w1000;Imagen;Snakes;SCI-FI;One Page Rules;Grimdark Future;image/jpeg;M;Robot;Claws;;R;Si
61;https://drive.google.com/thumbnail?id=1VRJ6ivG2j-irFh72go-S3CvsGTo-Bsn8&sz=w1000;Imagen;Overseer;SCI-FI;One Page Rules;Grimdark Future;image/jpeg;M;Robot;Sword;;R;Si
62;https://drive.google.com/thumbnail?id=1qWZSsfzkPiMQtTwEoW8tc-gFHA1QUh3R&sz=w1000;Imagen;Guardians;SCI-FI;One Page Rules;Grimdark Future;image/jpeg;M;Robot;Shield;;R;Si
63;https://drive.google.com/thumbnail?id=1qX6R1FeA_zd3uCL4CWk5Jmlu80r912O-&sz=w1000;Imagen;Technomancer;SCI-FI;One Page Rules;Grimdark Future;image/jpeg;M;Robot;Spear;;R;Si
64;https://drive.google.com/thumbnail?id=1fg8VnjVp_dE4cvLZ_l8wW4KZ2gEWQEKb&sz=w1000;Imagen;Royal Guard;SCI-FI;One Page Rules;Eternal Dynasty;image/png;M;Humanoid;Spear;;R;Si
65;https://drive.google.com/thumbnail?id=1cxzLTH25yHju9lwx1bGbuCdY3uuAInT2&sz=w1000;Imagen;Royal Guard 05;SCI-FI;One Page Rules;Eternal Dynasty;image/png;M;Humanoid;Spear;;R;Si
66;https://drive.google.com/thumbnail?id=1rb8_kdpaDi5bArOT7LkGVYjVs4rUBtfv&sz=w1000;Imagen;Royal Guard 04;SCI-FI;One Page Rules;Eternal Dynasty;image/png;M;Humanoid;Spear;;R;Si
67;https://drive.google.com/thumbnail?id=1MYWlTegc9VUdadm1hV2HoC6OTVMoyqPn&sz=w1000;Imagen;Royal Guard 03;SCI-FI;One Page Rules;Eternal Dynasty;image/png;M;Humanoid;Spear;;R;Si
68;https://drive.google.com/thumbnail?id=1aTexoH1BXu_LobrZIa27EAhNwJIccppp&sz=w1000;Imagen;Royal Guard 02;SCI-FI;One Page Rules;Eternal Dynasty;image/png;M;Humanoid;Spear;;R;Si
69;https://drive.google.com/thumbnail?id=1_KnK_y0rYdUIPxr2Tyq0HvbPrtF_KwR7&sz=w1000;Imagen;Royal Guard 01;SCI-FI;One Page Rules;Eternal Dynasty;image/png;M;Humanoid;Spear;;R;Si
70;https://drive.google.com/thumbnail?id=1BI3TElrWC_3PHiCTWg85xerCBVCHbGjO&sz=w1000;Imagen;Sage;SCI-FI;One Page Rules;Eternal Dynasty;image/png;M;Humanoid;Staff;;R;Si
71;https://drive.google.com/thumbnail?id=1S0FU-DUrA7vOAsZXJeIvbXb6j11aPKU5&sz=w1000;Imagen;Sage Standing;SCI-FI;One Page Rules;Eternal Dynasty;image/png;M;Humanoid;Staff;;R;Si
72;https://drive.google.com/thumbnail?id=15Kh3_5VQYsF6M-OVM7b0dB2RLHEV24xO&sz=w1000;Imagen;Sage Flying;SCI-FI;One Page Rules;Eternal Dynasty;image/png;M;Humanoid;Staff;;R;Si
73;https://drive.google.com/thumbnail?id=1r7g1pPddwG7esfWIOYc0Ta4HhBOLZfiV&sz=w1000;Imagen;Scouts - 11;SCI-FI;One Page Rules;Eternal Dynasty;image/png;M;Humanoid;Gun;;R;Si
74;https://drive.google.com/thumbnail?id=1mqb77mLXF47P-DS2EEUGYM829Q82Zoj7&sz=w1000;Imagen;Scouts - 00;SCI-FI;One Page Rules;Eternal Dynasty;image/png;M;Humanoid;Gun;;R;Si
75;https://drive.google.com/thumbnail?id=1tsHA9dkH8EfD4ZHOxWdrm0V-2g7SSGeB&sz=w1000;Imagen;Scouts - 10;SCI-FI;One Page Rules;Eternal Dynasty;image/png;M;Humanoid;Gun;;R;Si
76;https://drive.google.com/thumbnail?id=1EIJvKlSPy8Sf7lpFM_dcJhgyFQXxoQuK&sz=w1000;Imagen;Scouts - 09;SCI-FI;One Page Rules;Eternal Dynasty;image/png;M;Humanoid;Gun;;R;Si
77;https://drive.google.com/thumbnail?id=1Nk8anoN8ipX4l2Jl_-6j4ky_2usChPTr&sz=w1000;Imagen;Scouts - 08;SCI-FI;One Page Rules;Eternal Dynasty;image/png;M;Humanoid;Gun;;R;Si
78;https://drive.google.com/thumbnail?id=1fWC6EG7m9pDIkOAMPGhRedvZYyQnCw5P&sz=w1000;Imagen;Scouts - 07;SCI-FI;One Page Rules;Eternal Dynasty;image/png;M;Humanoid;Gun;;R;Si
79;https://drive.google.com/thumbnail?id=1bgQC29ivoiYq2Z2DhY31gmyDNzl8XJT-&sz=w1000;Imagen;Scouts - 06;SCI-FI;One Page Rules;Eternal Dynasty;image/png;M;Humanoid;Gun;;R;Si
80;https://drive.google.com/thumbnail?id=1tvNJaXvm2k2IYLZZcP219IF0Z8Hw9tGY&sz=w1000;Imagen;Scouts - 05;SCI-FI;One Page Rules;Eternal Dynasty;image/png;M;Humanoid;Gun;;R;Si
81;https://drive.google.com/thumbnail?id=1sBIW1HuFLrpTissnJ3Wt7X1EHuf8r05g&sz=w1000;Imagen;Scouts - 04;SCI-FI;One Page Rules;Eternal Dynasty;image/png;M;Humanoid;Gun;;R;Si
82;https://drive.google.com/thumbnail?id=1ndrz9JNcLNa3stWsnybg0XTtMhhn_i75&sz=w1000;Imagen;Scouts - 03;SCI-FI;One Page Rules;Eternal Dynasty;image/png;M;Humanoid;Gun;;R;Si
83;https://drive.google.com/thumbnail?id=14LDTeVPMqOxbYipq8th8WEqKc-W3PmG1&sz=w1000;Imagen;Scouts - 02;SCI-FI;One Page Rules;Eternal Dynasty;image/png;M;Humanoid;Gun;;R;Si
84;https://drive.google.com/thumbnail?id=1ATJehf0u1-_e2BgNX16sO-2r4Lo1WO0I&sz=w1000;Imagen;Scouts - 01;SCI-FI;One Page Rules;Eternal Dynasty;image/png;M;Humanoid;Gun;;R;Si
85;https://drive.google.com/thumbnail?id=1Lc954ykVCczitpAIgv-ZGuyg01SD8Old&sz=w1000;Imagen;ONI Walker 1;SCI-FI;One Page Rules;Eternal Dynasty;image/png;L;Robot;Machine-Gun;;R;Si
86;https://drive.google.com/thumbnail?id=1OO-E1aaNlB-0QI_cUmVlGYhNvXzh_oaT&sz=w1000;Imagen;ONI Walker 2;SCI-FI;One Page Rules;Eternal Dynasty;image/png;L;Robot;Machine-Gun;;R;Si
87;https://drive.google.com/thumbnail?id=1lAvOJXnMxAciLkKRHew7n91kDT1xX6Am&sz=w1000;Imagen;ONI Walker 3;SCI-FI;One Page Rules;Eternal Dynasty;image/png;L;Robot;Machine-Gun;;R;Si
88;https://drive.google.com/thumbnail?id=1rmfqIfbELBVh7eVfFgRu_Xkp-R3w0yRP&sz=w1000;Imagen;ONI Walker 4;SCI-FI;One Page Rules;Eternal Dynasty;image/png;L;Robot;Machine-Gun;;R;Si
89;https://drive.google.com/thumbnail?id=1TnPXctd4StvHPRhovsfCsdi0pEANRnAH&sz=w1000;Imagen;ONI Walker;SCI-FI;One Page Rules;Eternal Dynasty;image/png;L;Robot;Machine-Gun;;R;Si
90;https://drive.google.com/thumbnail?id=1bZU1e3FY-WfDEFLOzuO1zSctqbNkPzj5&sz=w1000;Imagen;ONI Captain 00;SCI-FI;One Page Rules;Eternal Dynasty;image/png;L;Robot;Missile;;R;Si
91;https://drive.google.com/thumbnail?id=1CmJSD75ESoAJlZ3BkJ1U0pWKAE8-bNmU&sz=w1000;Imagen;ONI Captain 08;SCI-FI;One Page Rules;Eternal Dynasty;image/png;L;Robot;Missile;;R;Si
92;https://drive.google.com/thumbnail?id=12eMwuirotFpKnw4YKY5h4P65Uo5rnrku&sz=w1000;Imagen;ONI Captain 07;SCI-FI;One Page Rules;Eternal Dynasty;image/png;L;Robot;Missile;;R;Si
93;https://drive.google.com/thumbnail?id=1TV6y5zkkjlu0xnKbPtcYY_BdHpw4lwhv&sz=w1000;Imagen;ONI Captain 06;SCI-FI;One Page Rules;Eternal Dynasty;image/png;L;Robot;Missile;;R;Si
94;https://drive.google.com/thumbnail?id=1mmYAC37LcM7XsaqbAQVdjqIPXsDrGDCX&sz=w1000;Imagen;ONI Captain 05;SCI-FI;One Page Rules;Eternal Dynasty;image/png;L;Robot;Missile;;R;Si
95;https://drive.google.com/thumbnail?id=1rqzkZ8vleHRqjTzI7kShxhLoZs_He6WO&sz=w1000;Imagen;ONI Captain 04;SCI-FI;One Page Rules;Eternal Dynasty;image/png;L;Robot;Missile;;R;Si
96;https://drive.google.com/thumbnail?id=17kcxZFkyIMOiHx_TLJB8bEobhfdtqSV2&sz=w1000;Imagen;ONI Captain 03;SCI-FI;One Page Rules;Eternal Dynasty;image/png;L;Robot;Missile;;R;Si
97;https://drive.google.com/thumbnail?id=16C5r7RWFlhY2a_1HZhwUNU7cW4prLaRr&sz=w1000;Imagen;ONI Captain 02;SCI-FI;One Page Rules;Eternal Dynasty;image/png;L;Robot;Missile;;R;Si
98;https://drive.google.com/thumbnail?id=1YJ9nKf4DIdh_0LCDFC6POHYrf9rorts_&sz=w1000;Imagen;ONI Captain 01;SCI-FI;One Page Rules;Eternal Dynasty;image/png;L;Robot;Missile;;R;Si
99;https://drive.google.com/thumbnail?id=14bKZhQtPMIO29RhjlfETKhXoK7LGhKIQ&sz=w1000;Imagen;Hunting Pack;SCI-FI;One Page Rules;Eternal Dynasty;image/png;L;Robot;Claws;;C;Si
100;https://drive.google.com/thumbnail?id=1C3_nJah_4ViEe7gyF30iiQI0Yz87B56p&sz=w1000;;Lizards;SCI-FI;One Page Rules;Eternal Dynasty;image/png;L;Robot;Claws;;C;Si
101;https://drive.google.com/thumbnail?id=1nCzKzP8P1ytuHZZljgH8hXb0-dOL4E95&sz=w1000;;Lizard 3;SCI-FI;One Page Rules;Eternal Dynasty;image/png;L;Robot;Claws;;C;Si
102;https://drive.google.com/thumbnail?id=1ijMxGhO3HfUy_nOJWwPALjjPkWNxdhlZ&sz=w1000;;Lizard 2;SCI-FI;One Page Rules;Eternal Dynasty;image/png;L;Robot;Claws;;C;Si
103;https://drive.google.com/thumbnail?id=1iMxeJ3CV2maXiBgz0Aww9u1pr2fBW7nR&sz=w1000;;Lizard 1;SCI-FI;One Page Rules;Eternal Dynasty;image/png;L;Robot;Claws;;C;Si
104;https://drive.google.com/thumbnail?id=1CfMIpYHYtJfoCCEoFnJfvsFFO_bIx6-1&sz=w1000;;Hunters;SCI-FI;One Page Rules;Eternal Dynasty;image/png;M;Humanoid;Spear;;C;Si
105;https://drive.google.com/thumbnail?id=186-fE9Y_15b9k0Yhh0IxYDoq3gQzybkm&sz=w1000;;Hunter 2;SCI-FI;One Page Rules;Eternal Dynasty;image/png;M;Humanoid;Spear;;C;Si
106;https://drive.google.com/thumbnail?id=1dxPOdhRTgfdPK9D0FdsiyVc3zwLlResb&sz=w1000;;Hunter 1;SCI-FI;One Page Rules;Eternal Dynasty;image/png;M;Humanoid;Spear;;C;Si
107;https://drive.google.com/thumbnail?id=1Qbttat8wTYU4NPVOUd5Vsg5NL6Y7juoe&sz=w1000;;Birds;SCI-FI;One Page Rules;Eternal Dynasty;image/png;M;Beast;Claws;;C;Si
108;https://drive.google.com/thumbnail?id=15jHS_wJ2FF3a8ld0d_YQy2P00TExdBBP&sz=w1000;;Birds 2;SCI-FI;One Page Rules;Eternal Dynasty;image/png;M;Beast;Claws;;C;Si
109;https://drive.google.com/thumbnail?id=18uy3Xeqsx1RVFk0envg2ogzEvJdFUKlD&sz=w1000;;Birds 1;SCI-FI;One Page Rules;Eternal Dynasty;image/png;M;Beast;Claws;;C;Si
110;https://drive.google.com/thumbnail?id=1-Luf5pK5tWWr0IrSeoVqbvuoiDIsg1yQ&sz=w1000;;Beasts;SCI-FI;One Page Rules;Eternal Dynasty;image/png;L;Beast;Claws;;R;Si
111;https://drive.google.com/thumbnail?id=1z_TDffpoYeWnUZH2_rq93q3dVc3u9f0K&sz=w1000;;Beast 2;SCI-FI;One Page Rules;Eternal Dynasty;image/png;L;Beast;Claws;;R;Si
112;https://drive.google.com/thumbnail?id=1DmHQf3PzQFKmTHwopjCwoz78WPJwCsw9&sz=w1000;;Beast 1;SCI-FI;One Page Rules;Eternal Dynasty;image/png;L;Beast;Claws;;R;Si
113;https://drive.google.com/thumbnail?id=18-u-2J1gbeFy4QpmYEQzp1SK3XwZl3sz&sz=w1000;;Harpies;D&D;One Page Rules;Beastmen;image/png;M;Monstrosity;Claws;;R;Si
114;https://drive.google.com/thumbnail?id=12co9kF8SPF_xOGQi7vgNFsfMEHC-TjOx&sz=w1000;;Harpies 05;D&D;One Page Rules;Beastmen;image/png;M;Monstrosity;Claws;;R;Si
115;https://drive.google.com/thumbnail?id=1S6sh17TJg3w_Ivtr_rs7U-w1ljtpjquN&sz=w1000;;Harpies 04;D&D;One Page Rules;Beastmen;image/png;M;Monstrosity;Claws;;R;Si
116;https://drive.google.com/thumbnail?id=1R29w9GG65BOTo5zyAmJmsUbR8_C1wcia&sz=w1000;;Harpies 03;D&D;One Page Rules;Beastmen;image/png;M;Monstrosity;Claws;;R;Si
117;https://drive.google.com/thumbnail?id=1IF5-J4CMEOGbOrqgYAm-VgqRfBO1uzYv&sz=w1000;;Harpies 02;D&D;One Page Rules;Beastmen;image/png;M;Monstrosity;Claws;;R;Si
118;https://drive.google.com/thumbnail?id=1gG3KQS6OqAwfzb557D_B7ekdSYigFbLe&sz=w1000;;Harpies 01;D&D;One Page Rules;Beastmen;image/png;M;Monstrosity;Claws;;R;Si
119;https://drive.google.com/thumbnail?id=1uPF11x8gtazzLCSKMEeQhTIxIEI1nSpn&sz=w1000;;Elites 22;D&D;One Page Rules;Beastmen;image/png;M;Wereanimal;;;;Si
120;https://drive.google.com/thumbnail?id=1wx1I83nC4_KjtYkyPxski12cl8VdvoDx&sz=w1000;;Elites 18;D&D;One Page Rules;Beastmen;image/png;M;Wereanimal;;;;Si
121;https://drive.google.com/thumbnail?id=1EInrsgXkhZF3XuuaPoaeNI4rXJwkFVKZ&sz=w1000;;Elites 12;D&D;One Page Rules;Beastmen;image/png;M;Wereanimal;;;;Si
122;https://drive.google.com/thumbnail?id=17GzAGWKK5TnSwn2CjpHuYV2YOqht4ygf&sz=w1000;;Elites 06;D&D;One Page Rules;Beastmen;image/png;M;Wereanimal;;;;Si
123;https://drive.google.com/thumbnail?id=1r9z4Wg0OHTjzMHfL-nEM6JN2vWRidrkn&sz=w1000;;Elites 21;D&D;One Page Rules;Beastmen;image/png;M;Wereanimal;;;;Si
124;https://drive.google.com/thumbnail?id=1gieywUuAQRNbXoexh70HNl1O7N8YMZvN&sz=w1000;;Elites 20;D&D;One Page Rules;Beastmen;image/png;M;Wereanimal;;;;Si
125;https://drive.google.com/thumbnail?id=1mkh0sBgiCcOgGVtciDtSzrEXKG4_V-CM&sz=w1000;;Elites 19;D&D;One Page Rules;Beastmen;image/png;M;Wereanimal;;;;Si
126;https://drive.google.com/thumbnail?id=14fqw0Hj2R64TZp6A4BaxlzDkZ-tbJweZ&sz=w1000;;Elites 17;D&D;One Page Rules;Beastmen;image/png;M;Wereanimal;;;;Si
127;https://drive.google.com/thumbnail?id=1B_6hl659ndq1F3a0cTCHAH2Rx0nC_-n-&sz=w1000;;Elites 16;D&D;One Page Rules;Beastmen;image/png;M;Wereanimal;;;;Si
128;https://drive.google.com/thumbnail?id=1VeZHdWi0g49EThScbu5Luz8DXfmmSX_y&sz=w1000;;Elites 15;D&D;One Page Rules;Beastmen;image/png;M;Wereanimal;;;;Si
129;https://drive.google.com/thumbnail?id=1yhMNvK6_OzqpMkfsfRVZ2rUmWhK099L9&sz=w1000;;Elites 14;D&D;One Page Rules;Beastmen;image/png;M;Wereanimal;;;;Si
130;https://drive.google.com/thumbnail?id=1MVGUncptIi2tBFRa-YUSRG0QSMNagNwy&sz=w1000;;Elites 13;D&D;One Page Rules;Beastmen;image/png;M;Wereanimal;;;;Si
131;https://drive.google.com/thumbnail?id=1gtyForipQRcWLDUst1QrY6xIje28nGRQ&sz=w1000;;Elites 11;D&D;One Page Rules;Beastmen;image/png;M;Wereanimal;;;;Si
132;https://drive.google.com/thumbnail?id=13-7ZB11dxFhq_lXzJ0dV9bQN3NTNqk4s&sz=w1000;;Elites 10;D&D;One Page Rules;Beastmen;image/png;M;Wereanimal;;;;Si
133;https://drive.google.com/thumbnail?id=1sacwLF61a1O6t-u73AJoGtFtbbDHgU4K&sz=w1000;;Elites 09;D&D;One Page Rules;Beastmen;image/png;M;Wereanimal;;;;Si
134;https://drive.google.com/thumbnail?id=1_4wUYjGuQklSXNuF7BAEwH0H3dn2zTp6&sz=w1000;;Elites 08;D&D;One Page Rules;Beastmen;image/png;M;Wereanimal;;;;Si
135;https://drive.google.com/thumbnail?id=11nnmvd6aSB3qCyhLaxpvDqyRLsewvT73&sz=w1000;;Elites 07;D&D;One Page Rules;Beastmen;image/png;M;Wereanimal;;;;Si
136;https://drive.google.com/thumbnail?id=1NE1FjOoOQMaLAxNVActZ4O166lZf3Aw9&sz=w1000;;Elites 05;D&D;One Page Rules;Beastmen;image/png;M;Wereanimal;;;;Si
137;https://drive.google.com/thumbnail?id=18YhO_my00OMI0A-IA1-5vYR5bjmBNerd&sz=w1000;;Elites 04;D&D;One Page Rules;Beastmen;image/png;M;Wereanimal;;;;Si
138;https://drive.google.com/thumbnail?id=1nIAqfQBTeVE-K8jeXkyfI7XIs9NaJfcW&sz=w1000;;Elites 03;D&D;One Page Rules;Beastmen;image/png;M;Wereanimal;;;;Si
139;https://drive.google.com/thumbnail?id=1fmUUoPjKbw48WdVuwO7RG3GRf3q2ahpz&sz=w1000;;Elites 02;D&D;One Page Rules;Beastmen;image/png;M;Wereanimal;;;;Si
140;https://drive.google.com/thumbnail?id=1MvcxTkad4OYn5Op9Zh2vgRcJSezDvSQi&sz=w1000;;Elites 01;D&D;One Page Rules;Beastmen;image/png;M;Wereanimal;;;;Si
141;https://drive.google.com/thumbnail?id=1gQVubsOpEQ3x283nDdawbbtvojyxC_fW&sz=w1000;;Crazed Boars;D&D;One Page Rules;Beastmen;image/png;L;Beast;;;;Si
142;https://drive.google.com/thumbnail?id=1AWGUv5CT0pe4Gms0F45kdIPbV_P4a9E4&sz=w1000;;Crazed Boars 03;D&D;One Page Rules;Beastmen;image/png;L;Beast;;;;Si
143;https://drive.google.com/thumbnail?id=1KcikW9timFM6wFa8Tz6JRI8rBojRhv9U&sz=w1000;;Crazed Boars 02;D&D;One Page Rules;Beastmen;image/png;L;Beast;;;;Si
144;https://drive.google.com/thumbnail?id=1bQXZQ10ftQTA5oOs-48duatP0omfsQux&sz=w1000;;Crazed Boars 01;D&D;One Page Rules;Beastmen;image/png;L;Beast;;;;Si
145;https://drive.google.com/thumbnail?id=15ycEzRr78cU3M9zd5p2OSL8g0eVvu3GM&sz=w1000;;Small Terrain-04;D&D;One Page Rules;Beastmen;image/png;M;Terrain;;;;Si
146;https://drive.google.com/thumbnail?id=1iQOmZVZ_c-zSC8U8U_4Qg8_pWr1-mBmX&sz=w1000;;Small Terrain-03;D&D;One Page Rules;Beastmen;image/png;M;Terrain;;;;Si
147;https://drive.google.com/thumbnail?id=1wCJyc3YHYMVhZ67oQMhaPzptU67_D7Dn&sz=w1000;;Centaurs-07;D&D;One Page Rules;Beastmen;image/png;L;Fey;;;;Si
148;https://drive.google.com/thumbnail?id=1FUFwF7ojmV58rUV4iH0bM-D-ZE4lzYA4&sz=w1000;;Centaurs-04;D&D;One Page Rules;Beastmen;image/png;L;Fey;;;;Si
149;https://drive.google.com/thumbnail?id=1ST5QIrNctEzfTCzRUiv0aiVFQ4sTAvP_&sz=w1000;;Small Terrain-02;D&D;One Page Rules;Beastmen;image/png;M;Terrain;;;;Si
150;https://drive.google.com/thumbnail?id=17l5tzcEzXag7YrogOA3aUccE67bkdX04&sz=w1000;;Small Terrain-01;D&D;One Page Rules;Beastmen;image/png;M;Terrain;;;;Si
151;https://drive.google.com/thumbnail?id=1T8LAJSo-KmmwOUS2r-3DeJfvXWaFiQUR&sz=w1000;;Small Terrain-00;D&D;One Page Rules;Beastmen;image/png;M;Terrain;;;;Si
152;https://drive.google.com/thumbnail?id=1920W87gE8z4MJfj_aSKjpY-lVMzRu1ep&sz=w1000;;b-lord-render-3;D&D;One Page Rules;Beastmen;image/png;;Wereanimal;;;;Si
153;https://drive.google.com/thumbnail?id=1oL1ilF1KgQiJVwcII3Km6kQNJ6GrMovG&sz=w1000;;b-lord-render-2;D&D;One Page Rules;Beastmen;image/png;;Wereanimal;;;;Si
154;https://drive.google.com/thumbnail?id=1gBbUV3J9jJISE7zAIXvNU5XekGyGDSmu&sz=w1000;;b-lord-render-1;D&D;One Page Rules;Beastmen;image/png;;Wereanimal;;;;Si
155;https://drive.google.com/thumbnail?id=1qrEq1-5XK770HsDH_Rvk91FYwr3U9xkX&sz=w1000;;Centaur Boss;D&D;One Page Rules;Beastmen 2;image/png;;Fey;;;;Si
156;https://drive.google.com/thumbnail?id=1IKXM-WBGzUsRbhWm2mz0HVg4D1cnYEYv&sz=w1000;;Warriors-12;D&D;One Page Rules;Beastmen 2;image/png;;Wereanimal;;;;Si
157;https://drive.google.com/thumbnail?id=1ZNHaaBEK5_uvmbrWtPsChOPTWRevpOY_&sz=w1000;;Warriors-15;D&D;One Page Rules;Beastmen 2;image/png;;Wereanimal;;;;Si
158;https://drive.google.com/thumbnail?id=15Fp7bQNAf66pBtirBI1RZgcXNdh7rnXu&sz=w1000;;Warriors-11;D&D;One Page Rules;Beastmen 2;image/png;;Wereanimal;;;;Si
159;https://drive.google.com/thumbnail?id=1ache3pcieQz3w6FzYbcEFV81aE5TtrCH&sz=w1000;;Warriors-05;D&D;One Page Rules;Beastmen 2;image/png;;Wereanimal;;;;Si
160;https://drive.google.com/thumbnail?id=1FEASoeJK3V6ykK3jQTof_NA6FSQ5DOJp&sz=w1000;;Warriors-14;D&D;One Page Rules;Beastmen 2;image/png;;Wereanimal;;;;Si
161;https://drive.google.com/thumbnail?id=1NYXUIRU_Wl8Ttd9NR1iZ7gbO9EjQIizy&sz=w1000;;Warriors-13;D&D;One Page Rules;Beastmen 2;image/png;;Wereanimal;;;;Si
162;https://drive.google.com/thumbnail?id=1kE4JXAbLkybjvJ7h9Ky3DV2j5fJeSJlO&sz=w1000;;Warriors-10;D&D;One Page Rules;Beastmen 2;image/png;;Wereanimal;;;;Si
163;https://drive.google.com/thumbnail?id=1MtPjl14xPWU6CxD30aVCBEZ4z8022PuO&sz=w1000;;Warriors-09;D&D;One Page Rules;Beastmen 2;image/png;;Wereanimal;;;;Si
164;https://drive.google.com/thumbnail?id=16FjG01eoCkcbX5bXbTbT8dXv3RsWrJGf&sz=w1000;;Warriors-08;D&D;One Page Rules;Beastmen 2;image/png;;Wereanimal;;;;Si
165;https://drive.google.com/thumbnail?id=1F9yZFr0Ou3G2S4LlG6-6_W5pOvX3I2iZ&sz=w1000;;Warriors-07;D&D;One Page Rules;Beastmen 2;image/png;;Wereanimal;;;;Si
166;https://drive.google.com/thumbnail?id=1ganQBuLVCn9glyzrFG3xdmkzC8NoZ3p9&sz=w1000;;Warriors-06;D&D;One Page Rules;Beastmen 2;image/png;;Wereanimal;;;;Si
167;https://drive.google.com/thumbnail?id=1mesKIdfbcQtGeNmHgMjzMAx1QnT2NtDS&sz=w1000;;Warriors-04;D&D;One Page Rules;Beastmen 2;image/png;;Wereanimal;;;;Si
168;https://drive.google.com/thumbnail?id=14SVNVsPRCXvFwz2Z1osGP9oTvCEKbtOK&sz=w1000;;Warriors-03;D&D;One Page Rules;Beastmen 2;image/png;;Wereanimal;;;;Si
169;https://drive.google.com/thumbnail?id=1z8z6kb3R_ERU44wgV7bOMDsnyG9mICOC&sz=w1000;;Warriors-02;D&D;One Page Rules;Beastmen 2;image/png;;Wereanimal;;;;Si
170;https://drive.google.com/thumbnail?id=1eJTyUk7o09FrxIBJJslN4vC0TBbZ86VK&sz=w1000;;Warriors-01;D&D;One Page Rules;Beastmen 2;image/png;;Wereanimal;;;;Si
171;https://drive.google.com/thumbnail?id=17skxW-uIGjIaskYxlNIkk_kurqTUrq1E&sz=w1000;;Warriors-00;D&D;One Page Rules;Beastmen 2;image/png;;Wereanimal;;;;Si
172;https://drive.google.com/thumbnail?id=1j6gFwjXt0koNHYk-LO8gu4adO-pRGrY9&sz=w1000;;Centaurs-01;D&D;One Page Rules;Beastmen 2;image/png;;Fey;;;;Si
173;https://drive.google.com/thumbnail?id=1ZYHaB8DB8_gsvZ_o0JehzkoeQh-5uilf&sz=w1000;;Centaurs-03;D&D;One Page Rules;Beastmen 2;image/png;;Fey;;;;Si
174;https://drive.google.com/thumbnail?id=1C01fI3jdXumbkRIeciL4cqW5X979bsUi&sz=w1000;;Centaurs-06;D&D;One Page Rules;Beastmen 2;image/png;;Fey;;;;Si
175;https://drive.google.com/thumbnail?id=1fBpl6psagAnqZnTqpUGqKEa3O1mbmh1V&sz=w1000;;Centaurs-05;D&D;One Page Rules;Beastmen 2;image/png;;Fey;;;;Si
176;https://drive.google.com/thumbnail?id=1QYcQt9lLXnEMoonxeBtattC2aiacrbl_&sz=w1000;;Centaurs-02;D&D;One Page Rules;Beastmen 2;image/png;;Fey;;;;Si
177;https://drive.google.com/thumbnail?id=1KwuYUliNg5MpwW0eSNVQNnKPlTi9-z7a&sz=w1000;;Centaurs-00;D&D;One Page Rules;Beastmen 2;image/png;;Fey;;;;Si
178;https://drive.google.com/thumbnail?id=1WiiwonOStR80hsQPkRCXgUD2Gs3UBoWk&sz=w1000;;lord-render-1-p;SCI-FI;One Page Rules;Alien Hives;image/png;;Alien;;;;Si
179;https://drive.google.com/thumbnail?id=1Hghn1HWDc0BWX6gk1qXq7r4Dxi7g9Rzr&sz=w1000;;snatchers-render-4-p;SCI-FI;One Page Rules;Alien Hives;image/png;;Alien;;;;Si
180;https://drive.google.com/thumbnail?id=1nOhvlJZw52c9Eypm8zWS4siQjNn-Q7w0&sz=w1000;;warriors-render-3-p;SCI-FI;One Page Rules;Alien Hives;image/png;;Alien;;;;Si
181;https://drive.google.com/thumbnail?id=16Vv7piRp_W1vnYjn7gDImWrlAdWfB-pI&sz=w1000;;carnivorex-render-2-p;SCI-FI;One Page Rules;Alien Hives;image/png;;Alien;;;;Si
182;https://drive.google.com/thumbnail?id=1H9XWvbgVB2d6IkrMV0jHRS1OlZa16VhS&sz=w1000;;carnivorex-render-1-p;SCI-FI;One Page Rules;Alien Hives;image/png;;Alien;;;;Si
183;https://drive.google.com/thumbnail?id=1jK0kkq_Y9rix7iN4ULd0FOyIB57-eWBi&sz=w1000;;raveners-render-2-p;SCI-FI;One Page Rules;Alien Hives;image/png;;Alien;;;;Si
184;https://drive.google.com/thumbnail?id=1sUBaQoLbtuzUi1sGiLJwr9b6rNmBs7OE&sz=w1000;;raveners-render-3-p;SCI-FI;One Page Rules;Alien Hives;image/png;;Alien;;;;Si
185;https://drive.google.com/thumbnail?id=1Zitusb3evAYQSJAG9IVxUPzWZCkINbha&sz=w1000;;raveners-render-1-p;SCI-FI;One Page Rules;Alien Hives;image/png;;Alien;;;;Si
186;https://drive.google.com/thumbnail?id=1Jf4TAevV4LpnikVWgZ9qtpvEw4cUsy6N&sz=w1000;;raveners-render-4-p;SCI-FI;One Page Rules;Alien Hives;image/png;;Alien;;;;Si
187;https://drive.google.com/thumbnail?id=1f42UnwLE88x3d-CVHQ7RJhQM3U3i4QGF&sz=w1000;;winged-render-1-p;SCI-FI;One Page Rules;Alien Hives;image/png;;Alien;;;;Si
188;https://drive.google.com/thumbnail?id=1-ms4cWIlaha-VSm5gEEfAUdNwCLslMTM&sz=w1000;;whip-primer-render-1-p;SCI-FI;One Page Rules;Alien Hives;image/png;;Alien;;;;Si
189;https://drive.google.com/thumbnail?id=1nK9GM8UVD3X9TjQXBqgjrQ5zSlMHhgyH&sz=w1000;;aliens-render-3-p;SCI-FI;One Page Rules;Alien Hives;image/png;;Alien;;;;Si
190;https://drive.google.com/thumbnail?id=1Pzqitu90o1NjHmnQQb2KHxeQozlI14KE&sz=w1000;;Hunter;SCI-FI;One Page Rules;Alien Hives;image/jpeg;;Alien;;;;Si
191;https://drive.google.com/thumbnail?id=1Kjv6nC8onDeuQOwFOM-ovUbq2vTQxFZq&sz=w1000;;Hive Lord;SCI-FI;One Page Rules;Alien Hives;image/jpeg;;Alien;;;;Si
445;https://drive.google.com/thumbnail?id=1yv2Day-h6B2SqvbD5_V-TmtFVHqCTdl3&sz=w1000;;Space Marine;Warhammer;Alexei-konev;S/D;image/png;H;Humanoid;Axe/Banner;;L;Si
3518;https://drive.google.com/thumbnail?id=1UFC2JUWXJBiqvsnJTFquodRUuFp5w8gw&sz=w1000;Imagen;Mizora;Games;CA3D Studio;;image/png;;Statue;;Baldur's Gate 3;;Si
3521;https://drive.google.com/thumbnail?id=1a7OpX7Dgj40YB1nCJI6Kxmg2CKCik9ba&sz=w1000;Imagen;Orin the Red;Games;CA3D Studio;;image/png;;Statue;;Baldur's Gate 3;;Si
3522;https://drive.google.com/thumbnail?id=18XU8RQiATBkRmzgZ7QO6uRgYDGc0OjIa&sz=w1000;Imagen;Karlach;Games;CA3D Studio;;image/png;;Statue;;Baldur's Gate 3;;Si
3523;https://drive.google.com/thumbnail?id=1EqOlvyWFLtv3PM9m839wFd4mSTnm56lJ&sz=w1000;Imagen;Ares;Movies;CA3D Studio;;image/png;;Statue;;Mythology;;Si
3524;https://drive.google.com/thumbnail?id=1VVhAcVftxaJWndj_Ed34k9ihYAe_ZfXW&sz=w1000;Imagen;Asuka;Anime;CA3D Studio;;image/png;;Statue;;Evangelion;;Si
3525;https://drive.google.com/thumbnail?id=11iAVwt3R2WegeE9BVgs_zPudwRzan3R3&sz=w1000;Imagen;Lara Croft ;Movies;CA3D Studio;;image/png;;Statue;;Tomb Raider;;Si
3526;https://drive.google.com/thumbnail?id=1lr4gKm0i5GYziwm2RR1omOSZ-NjvUHCp&sz=w1000;Imagen;Anubis ;Movies;CA3D Studio;;image/png;;Statue;;Mythology;;Si
3527;https://drive.google.com/thumbnail?id=1jOBCE7SyBlyfksJ7RMnDP3ai4FWD9qj5&sz=w1000;Imagen;David Martinez;Anime;CA3D Studio;;image/png;;Statue;;Cyberpunk 2077;;Si
3528;https://drive.google.com/thumbnail?id=165FSRg1Raed3GfqJxSuU8n5sRphb1Bce&sz=w1000;Imagen;Cobra ;Movies;CA3D Studio;;image/png;;Statue;;Cobra;;Si
3529;https://drive.google.com/thumbnail?id=15ZwIl97oRmTiNpKJIXAL2nbOBzcjKzPA&sz=w1000;Imagen;Cobra 2 ;Movies;CA3D Studio;;image/png;;Statue;;Cobra;;Si
3530;https://drive.google.com/thumbnail?id=1Z5Ve_LgyFqjJED2WWgyeG3T_qC8VvDPP&sz=w1000;Imagen;Rambo ;Movies;CA3D Studio;;image/png;;Statue;;Rambo;;Si
3531;https://drive.google.com/thumbnail?id=1Ar5abJhCnNduDId4Sa8jWNE_mu2CIHot&sz=w1000;Imagen;Saber ;Anime;CA3D Studio;;image/png;;Statue;;Fate;;Si
3532;https://drive.google.com/thumbnail?id=1LMHlTnHiMiKfWQAM6TmnDRaDN-M6shVa&sz=w1000;Imagen;Alucard;Anime;CA3D Studio;;image/png;;Statue;;Hellsing;;Si
3533;https://drive.google.com/thumbnail?id=1m893p0ObjhNri0jwZkmOJ1UZEGIkdFwX&sz=w1000;Imagen;Lady Maria;Games;CA3D Studio;;image/png;;Statue;;Bloodborne;;Si
3534;https://drive.google.com/thumbnail?id=1KnYFV4XIJgcbot9L538A0XXHk8Nhsig_&sz=w1000;Imagen;Freyja;Movies;CA3D Studio;;image/png;;Statue;;Mythology;;Si
3535;https://drive.google.com/thumbnail?id=1mOzxF3Hg7KR-EdP_B_uWxBbFgd_QiGqx&sz=w1000;Imagen;The Mask ;Movies;CA3D Studio;;image/webp;;Statue;;;;Si
3536;https://drive.google.com/thumbnail?id=1VNJ0fwyHfvePYmcZACfZ-NIv4lLd2XyS&sz=w1000;Imagen;Hellboy 2 ;Comics;CA3D Studio;;image/webp;;Statue;;Hellboy;;Si
3537;https://drive.google.com/thumbnail?id=1pyeHZ54f01j631FarXQJzvJiWJU_R39a&sz=w1000;Imagen;Atomic Eve ;Comics;CA3D Studio;;image/png;;Statue;;Invincible ;;Si
3538;https://drive.google.com/thumbnail?id=1wDytDKCC9XM2R4tJ6GRMaAFm8HIr7dKk&sz=w1000;Imagen;Hellboy;Comics;CA3D Studio;;image/webp;;Statue;;Hellboy;;Si
3539;https://drive.google.com/thumbnail?id=1DTLzQZyQpGtdARbpNAcXkkW0daFThk-l&sz=w1000;Imagen;Superman;Comics;B3dserk;;image/png;;Statue;;DC;;Si
3540;https://drive.google.com/thumbnail?id=1ebexLIQCldSXiUYAPJvshlP33PTURPSk&sz=w1000;Imagen;The Huntress;Comics;B3dserk;;image/png;;Statue;;DC;;Si
3543;https://drive.google.com/thumbnail?id=1xOId8dx8YNrtCwRcU7RPOuoVcw3qyaxO&sz=w1000;Imagen;Wonder Woman Death Metal;Comics;B3dserk;;image/png;;Statue;;DC;;Si
3544;https://drive.google.com/thumbnail?id=1DAtJUbnNHGe89zNn26YXVPd3FGmz_Cv7&sz=w1000;Imagen;Batman on the Bat Signal;Comics;S/D;;image/png;;Statue;;DC;;Si
3545;https://drive.google.com/thumbnail?id=1lCPmSr8jPlZ6VeY4UMnVBXNYntDx2MgX&sz=w1000;Imagen;Nicholson Joker;Movies;S/D;;image/png;;Statue;;DC;;Si
3546;https://drive.google.com/thumbnail?id=1k81AepquyvwR_KBsU8EkHJxLqoaW1iHv&sz=w1000;Imagen;Riddler;Movies;S/D;;image/png;;Statue;;DC;;Si
3547;https://drive.google.com/thumbnail?id=1e8LoLeSIWZPSSBY5d6DYjcxSItNfclKG&sz=w1000;Imagen;Penguin;Movies;Pixel 3D;;image/png;;Statue;;DC;;Si
3548;https://drive.google.com/thumbnail?id=1w6-kKmlZoOUY80eQWGeRFZRc7PVcfOvp&sz=w1000;Imagen;Cassandra Cain Batman;Comics;Pixel 3D;;image/png;;Statue;;DC;;Si
3549;https://drive.google.com/thumbnail?id=1pQC3KprnYcbf0jGXrars2AudV4L9Uf5L&sz=w1000;Imagen;Bane;Comics;Pixel 3D;Games & Series & Movies;image/png;;Statue;;DC;;Si
3550;https://drive.google.com/thumbnail?id=1_mI0R30D4FxZInSyFBIYlFI14rDM7eOD&sz=w1000;Imagen;Batman;Comics;FAN;Games & Series & Movies;image/png;;Statue;;DC;;Si
3551;https://drive.google.com/thumbnail?id=1CZsuWg0LWYE-G9bsed0TSVOZLA0dfWml&sz=w1000;Imagen;The Batman Who Laughs;Comics;Pixel 3D;;image/png;;Statue;;DC;;Si
3552;https://drive.google.com/thumbnail?id=1X6e0zs9Hhe4yXDMVcbT0zb9HDoKjeYUY&sz=w1000;Imagen;The Batman Who Laughs;Comics;Tanuki Figures;;image/png;;Statue;;DC;;Si
3555;https://drive.google.com/thumbnail?id=1QCidqPheJ24pbcFF_BGw8jmoQsvg7Cbf&sz=w1000;Imagen;Batman Vampire 2;Comics;CA3D Studio;;image/png;;Statue;;DC;;Si
3558;https://drive.google.com/thumbnail?id=1zZWIcEgYavcmyjZqRXqT7d90bl4E_MCA&sz=w1000;Imagen;Bat Girl 1;Comics;CA3D Studio;;image/jpeg;;Statue;;DC;;Si
3559;https://drive.google.com/thumbnail?id=1oLDGICbZdfQadjFE9SKm1ZDqsJgoIpVz&sz=w1000;Imagen;Chun Li 2;Games;CA3D Studio;;image/jpeg;;Statue;;Street Fighter;;Si
3561;https://drive.google.com/thumbnail?id=1fksa-WJkrkYb932adj0SCoaP1c4SNPgU&sz=w1000;Imagen;Leonidas 3;Movies;CA3D Studio;;image/png;;Statue;;300 Movie;;Si
3564;https://drive.google.com/thumbnail?id=1z3dwQrV8Yo4Hs-r1otFz2mikpJEkywbi&sz=w1000;Imagen;Davy Jonnes;Movies;CA3D Studio;;image/png;;Statue;;Pirates of the Caribbean;;Si
3565;https://drive.google.com/thumbnail?id=1jZjSEhi3a-0s_GcFzejLBUmDsvVdYXZU&sz=w1000;Imagen;Malenia;Games;CA3D Studio;;image/png;;Statue;;Elden Ring;;Si
3568;https://drive.google.com/thumbnail?id=1BxXvyvoHMBgdQXvF37ZQf7pduD6f28J9&sz=w1000;Imagen;Radahn;Games;CA3D Studio;;image/png;;Statue;;Elden Ring;;Si
3571;https://drive.google.com/thumbnail?id=1sb9c8wPlMNRfLbcY_U4x9Guy5QGPpHhR&sz=w1000;Imagen;Blaidd_p03;Games;CA3D Studio;;image/png;;Statue;;Elden Ring;;Si
3574;https://drive.google.com/thumbnail?id=1-6v0DXbS2avdhqnJFg4UWgBWRP7YBWwV&sz=w1000;Imagen;Dracula;Anime;CA3D Studio;;image/png;;Statue;;Castlevania;;Si
3576;https://drive.google.com/thumbnail?id=197wXzIlo1qWezm2n0cKs_8vVzZzAGgyw&sz=w1000;Imagen;Ezio Auditore 2;Games;CA3D Studio;;image/jpeg;;Statue;;Assassin's Creed;;Si
3579;https://drive.google.com/thumbnail?id=1JqA1fCNXdtDEGdlfhu1T47yHT7_jEcX1&sz=w1000;Imagen;Rukia Kuchiki;Anime;CA3D Studio;;image/webp;;Statue;;Bleachÿ;;Si
3580;https://drive.google.com/thumbnail?id=14uE_yjZK_XMkZFxbQy7LKAKLiHemKpxE&sz=w1000;Imagen;Soi Fon;Anime;CA3D Studio;;image/webp;;Statue;;Bleachÿ;;Si
3581;https://drive.google.com/thumbnail?id=1Dg-mqG0r663CNSPoVD_OnEPMlDAygT7n&sz=w1000;Imagen;Vash the Stampede;Anime;CA3D Studio;;image/png;;Statue;;Trigun;;Si
3582;https://drive.google.com/thumbnail?id=16KEK882IOATzMpzXdrQQtAYv7-8QBEMT&sz=w1000;Imagen;Boba Fett Samurai;Movies;SW3D;;image/png;;Statue;;Star Wars;;Si
3583;https://drive.google.com/thumbnail?id=1PbUQZkoZyJw_HZoaokp_vYtEaI4LDcNQ&sz=w1000;Imagen;Mandalorian Blurrg ;Movies;SW3D;;image/png;;Statue;;Star Wars;;Si
3584;https://drive.google.com/thumbnail?id=1uSwyI5qxAh4B5RXTKT6clG6O85QVMGCu&sz=w1000;Imagen;Boba Fett;Movies;Gambody;;image/png;M;Humanoid;Gun;Star Wars;R;Si
3586;https://drive.google.com/thumbnail?id=1vIKDLO11yY_LjPL08o17KzcmaLlfXIPb&sz=w1000;Imagen;Combat Droid B1;Movies;S/D;;image/png;M;Robot;Gun;Star Wars;C;Si
3587;https://drive.google.com/thumbnail?id=1L0O7Iu95MLjxcvZDZjPPswMbeYLK6aPL&sz=w1000;Imagen;Spec Ops Team Gold Talon;Movies;S/D;;image/png;M;Humanoid;Gun;Star Wars;C;Si
3590;https://drive.google.com/thumbnail?id=1UjPUc47cA9Vn4oIKPVvS3Xmog-rgErJN&sz=w1000;Imagen;Ahsoka Tano vs Darth Maul;Movies;CA3D Studio;;image/png;;Statue;;Star Wars;L;Si
3594;https://drive.google.com/thumbnail?id=1QJwNRmVDtLGIWGWoIj7v_2jq-ylToeDr&sz=w1000;Imagen;Shae Vizla;Movies;CA3D Studio;;image/png;;Statue;;Star Wars;L;Si
3595;https://drive.google.com/thumbnail?id=1S8GgoiK5p1QHNyQCNE423oD8dpjOrkJ6&sz=w1000;Imagen;Levi Ackerman;Anime;LC Studios;;image/png;;Statue;;Attack on Titan;L;Si
3598;https://drive.google.com/thumbnail?id=1-T3CQAtpO3Iqo9Y3I6J8RbUoqhhiRTqc&sz=w1000;Imagen;Mikasa Ackerman;Anime;CA3D Studio;;image/webp;;Statue;;Attack on Titan;L;Si
3599;https://drive.google.com/thumbnail?id=1NR_iTJNh9RDiGXGR7UyHOaEsuKSaxcm6&sz=w1000;Imagen;Nico Robin 1;Anime;CA3D Studio;;image/webp;;Statue;;One Piece;L;Si
3605;https://drive.google.com/thumbnail?id=1TRWLyVlLFH8xhConZUNWGyyv3TUbmXUh&sz=w1000;Imagen;Psylocke;Marvel;Pixel 3D;Games & Series & Movies;image/png;H;Statue;;Xmen;L;Si
3606;https://drive.google.com/thumbnail?id=1ySBWqsl8GUFkreXGZ_0y2oRLZ3F8UBQM&sz=w1000;Imagen;Deadpool;Marvel;Grisy Studio;Games & Series & Movies;image/png;H;Statue;;Xmen;L;Si
3607;https://drive.google.com/thumbnail?id=1XvvyEnsrsCK_eD0_iyougBXfOEBFigfb&sz=w1000;Imagen;Jean Grey;Marvel;Sunray Collectible;Games & Series & Movies;image/png;H;Statue;;Xmen;L;Si
3608;https://drive.google.com/thumbnail?id=1rfCk_BEuizyeJQqYH4zdBXsjHD8BqZTV&sz=w1000;Imagen;Toxin;Marvel;FAN;Games & Series & Movies;image/png;H;Statue;;Spiderman;L;Si
3609;https://drive.google.com/thumbnail?id=1KIJnW5wPMg2sDiIaSCH2xxVTHAHYcUEI&sz=w1000;Imagen;Hydra Captain America;Marvel;Matts model custom;Games & Series & Movies;image/png;H;Statue;;The Avengers;L;Si
3612;https://drive.google.com/thumbnail?id=15EsudXXY_ZcEw-hqAKn3doL4V2ZNIuPe&sz=w1000;Imagen;Lady Loki;Marvel;CA3D Studio;Games & Series & Movies;image/png;H;Statue;;The Avengers;L;Si
3613;https://drive.google.com/thumbnail?id=1W6uVUe8C0U6ru7UFODBVPYwzlT8-vKx6&sz=w1000;Imagen;Thor Old;Marvel;Legion Studios;Games & Series & Movies;image/png;H;Statue;;The Avengers;L;Si
5255;https://drive.google.com/thumbnail?id=12QlxLBZq4b2nzSFUiz9XGAg6HoQbXvDL&sz=w1000;Imagen; anna santos apostate animist;D&D;Flesh of Gods;A Clash of Faith and Fate;image/jpeg;M/L/H;Bust;;;R;Si
5256;https://drive.google.com/thumbnail?id=1Tg7vdDQeIgQkjLUlO78C5Y7t_OhDjJd7&sz=w1000;Imagen; paul santos fates herald;D&D;Flesh of Gods;A Clash of Faith and Fate;image/jpeg;M/L/H;Bust;;;R;Si
5257;https://drive.google.com/thumbnail?id=1k0rNELUC-qV41f7aUO4C-EExauFAkUC1&sz=w1000;Imagen;  necrotic elemental;D&D;Flesh of Gods;A Clash of Faith and Fate;image/jpeg;L;Elemental;;;R;Si
5258;https://drive.google.com/thumbnail?id=1o3AsFSmH9sh1JSXGSU7EpL-lGLi-nUAY&sz=w1000;Imagen;  scorpion wyvern;D&D;Flesh of Gods;A Clash of Faith and Fate;image/jpeg;L;Dragon;Claws;;R;Si
5259;https://drive.google.com/thumbnail?id=1XELhu35Hf86RqXLIq0PyG-zUUkXSU24L&sz=w1000;Imagen;  sin eater wraith 01;D&D;Flesh of Gods;A Clash of Faith and Fate;image/jpeg;L;Ghost;Claws;;R;Si
5260;https://drive.google.com/thumbnail?id=1lJZHirGZ6Ym2ntA5HnvS_HMGuqlUsGzq&sz=w1000;Imagen;  sin eater wraith 03;D&D;Flesh of Gods;A Clash of Faith and Fate;image/jpeg;L;Ghost;Claws;;R;Si
5261;https://drive.google.com/thumbnail?id=1HXLlO-dM_Q-V2BdETiG9TUtQO4PtCSrW&sz=w1000;Imagen;  the penitent;D&D;Flesh of Gods;A Clash of Faith and Fate;image/jpeg;L;Humanoid;Hands;;R;Si
5262;https://drive.google.com/thumbnail?id=11RUbrs0sL769mMPSKktW3O4NNhzhjmug&sz=w1000;Imagen;single special cursed bunny;D&D;Flesh of Gods;A Clash of Faith and Fate;image/jpeg;H;Beast;Claws;;R;Si
5263;https://drive.google.com/thumbnail?id=1Kx3APShMAroT9xI4Bk2FM5mhBuZ3G-li&sz=w1000;Imagen;  the dying deity;D&D;Flesh of Gods;A Clash of Faith and Fate;image/jpeg;L;Undead;Hands;;R;Si
5264;https://drive.google.com/thumbnail?id=1y6eULK-K4ekgNydIR7ZWUOFYMw7VfUq2&sz=w1000;Imagen;single diorama the last vigil;D&D;Flesh of Gods;A Clash of Faith and Fate;image/jpeg;L/H/G;Object;;;R;Si
5265;https://drive.google.com/thumbnail?id=1jA9Gw3wGiSHpHlwsub_2asvXDWh4XdKO&sz=w1000;Imagen;  faith breaker;D&D;Flesh of Gods;A Clash of Faith and Fate;image/jpeg;M;Humanoid;Magic;;R;Si
5266;https://drive.google.com/thumbnail?id=1LO3N9dH_dBAGJRUzVG9Tn13kZ7a3icuo&sz=w1000;Imagen;  eliot the invoker;D&D;Flesh of Gods;A Clash of Faith and Fate;image/jpeg;M;Humanoid;Staff;;R;Si
5267;https://drive.google.com/thumbnail?id=1ZCmDLo1DcmLqFOq3VHfMVGkCH4CqzTKh&sz=w1000;Imagen;  radeem the insurgent;D&D;Flesh of Gods;A Clash of Faith and Fate;image/jpeg;M;Humanoid;Sword;;R;Si
5268;https://drive.google.com/thumbnail?id=1F_L3qS1oKdaSeM9cT_LgcVCfNRGm60tB&sz=w1000;Imagen;  ivy shrine raider;D&D;Flesh of Gods;A Clash of Faith and Fate;image/jpeg;M;Humanoid;Sword;;R;Si
5269;https://drive.google.com/thumbnail?id=1h2FbidyiCGLmglFdJiO-dPRu3QiCF7zx&sz=w1000;Imagen;  unholy priest;D&D;Flesh of Gods;A Clash of Faith and Fate;image/jpeg;M;Humanoid;Axe;;R;Si
5270;https://drive.google.com/thumbnail?id=1yh8pFt6aXr5EJ2HCBh3vrDvQ7E0atbu1&sz=w1000;Imagen;  sin eater wraith 02;D&D;Flesh of Gods;A Clash of Faith and Fate;image/jpeg;M;Ghost;Claws;;R;Si
5271;https://drive.google.com/thumbnail?id=11E67HjXxeup8orHfEADjeaJYyKLr9p3n&sz=w1000;Imagen;  paul santos fates herald;D&D;Flesh of Gods;A Clash of Faith and Fate;image/jpeg;M;Humanoid;Spear;;R;Si
5272;https://drive.google.com/thumbnail?id=1JEYSZBgMRFUOI0Z_IFHIbUBtfgwJA5Wu&sz=w1000;Imagen;single npc high priestess order faithful saints;D&D;Flesh of Gods;A Clash of Faith and Fate;image/jpeg;M;Humanoid;Hands;;R;Si
5273;https://drive.google.com/thumbnail?id=1U2Se5gD31Cfup0T2pFrv1ZimuoZDHrs3&sz=w1000;Imagen;  void crusader;D&D;Flesh of Gods;A Clash of Faith and Fate;image/jpeg;M;Humanoid;Maul;;R;Si
5274;https://drive.google.com/thumbnail?id=1wx011ymenVrW8nOOEjnz6K0Pba_5jEEI&sz=w1000;Imagen;  sanctum dragon;D&D;Flesh of Gods;A Clash of Faith and Fate;image/jpeg;G;Dragon;Claws;;L;Si
5275;https://drive.google.com/thumbnail?id=1MPYwTZAH2U_JAZkZpLoq2KJNOEC5hpiv&sz=w1000;Imagen;  anna santos apostate animist;D&D;Flesh of Gods;A Clash of Faith and Fate;image/jpeg;M;Humanoid;Staff;;R;Si
5276;https://drive.google.com/thumbnail?id=1AAMhrEEihWKLorAQh1G7vLk3YPvh2Lgp&sz=w1000;Imagen;  tansy oath of the ancients;D&D;Flesh of Gods;A Clash of Faith and Fate;image/jpeg;M;Humanoid;Sword;;R;Si
5277;https://drive.google.com/thumbnail?id=1uErvh3tTmSOIzXD_pFiyTBWUgf4yoDRm&sz=w1000;Imagen;  strix queens shadow;D&D;Flesh of Gods;A Clash of Faith and Fate;image/jpeg;M;Humanoid;Staff;;R;Si
5278;https://drive.google.com/thumbnail?id=1Dv6BD4WKn0FotJ0tIFOo-dQQxr3Jbh8m&sz=w1000;Imagen;  sin eater wraith group;D&D;Flesh of Gods;A Clash of Faith and Fate;image/jpeg;M;Ghost;Claws;;R;Si
5279;https://drive.google.com/thumbnail?id=1ke-_e07V8vCJyN00EB9yV9SNybo77D-h&sz=w1000;Imagen;  one eyed queen;D&D;Flesh of Gods;A Clash of Faith and Fate;image/jpeg;M;Eldritch;Hands;;L;Si
5280;https://drive.google.com/thumbnail?id=1Z1obh_VAyQv0rNcCf8hM2MPP6zIpyu8l&sz=w1000;Imagen;  the crusher;D&D;Flesh of Gods;A Clash of Faith and Fate;image/jpeg;L;Ettin;Maul;;R;Si
5281;https://drive.google.com/thumbnail?id=1RYcsz41nNHw4DYeTq_VMgcsHa_QfCq2h&sz=w1000;Imagen;square;D&D;Flesh of Gods;A Clash of Faith and Fate;image/jpeg;header;;;;;Si
5958;https://drive.google.com/thumbnail?id=1kzIttvw-6xzS5E3uDgO1PTM6Pov1hoh1&sz=w1000;;baltic-religion;D&D;Clay Cyanide;Baltic Religion (Griffin/Paladin/Cleric/Siren/Mage/Fighter);image/jpeg;;header;;;;Si
5959;https://drive.google.com/thumbnail?id=1ZyowyC2MUj4jHsr1DGZY6uR3cfE_k6_M&sz=w1000;;aitvaras;D&D;Clay Cyanide;Baltic Religion (Griffin/Paladin/Cleric/Siren/Mage/Fighter);image/jpeg;;Monstosity;;;;Si
5960;https://drive.google.com/thumbnail?id=174vuQonmJ6VBaY3OG4P1jhKbB4gIAuLg&sz=w1000;;bangputys;D&D;Clay Cyanide;Baltic Religion (Griffin/Paladin/Cleric/Siren/Mage/Fighter);image/jpeg;;Humanoid;;;;Si
5961;https://drive.google.com/thumbnail?id=1vHUnD2p-x4o4ccMaxABYacbDPe41dmZb&sz=w1000;;velnias;D&D;Clay Cyanide;Baltic Religion (Griffin/Paladin/Cleric/Siren/Mage/Fighter);image/jpeg;;Humanoid;;;;Si
5962;https://drive.google.com/thumbnail?id=1O-qbHimunK-fpfLSF8B1ZPyW71rO_ciO&sz=w1000;;saule;D&D;Clay Cyanide;Baltic Religion (Griffin/Paladin/Cleric/Siren/Mage/Fighter);image/jpeg;;Celestial;;;;Si
5963;https://drive.google.com/thumbnail?id=19IeFydsuBKuqgBfcTZFo1dd1OW9rfuVh&sz=w1000;;dievas;D&D;Clay Cyanide;Baltic Religion (Griffin/Paladin/Cleric/Siren/Mage/Fighter);image/jpeg;;Celestial;;;;Si
5964;https://drive.google.com/thumbnail?id=1e1q7adN3vMn2pZ4Ip9KXNLkJBngaFEUC&sz=w1000;;giltine;D&D;Clay Cyanide;Baltic Religion (Griffin/Paladin/Cleric/Siren/Mage/Fighter);image/jpeg;;Humanoid;;;;Si
5965;https://drive.google.com/thumbnail?id=1Kv-UN1051B0Mnxbt096TSs69HjD1mote&sz=w1000;;menuo;D&D;Clay Cyanide;Baltic Religion (Griffin/Paladin/Cleric/Siren/Mage/Fighter);image/jpeg;;Humanoid;;;;Si
5966;https://drive.google.com/thumbnail?id=1p7GmhsmqPHPebJ4S2mPQlGrDvfqxn7ix&sz=w1000;;jurate;D&D;Clay Cyanide;Baltic Religion (Griffin/Paladin/Cleric/Siren/Mage/Fighter);image/jpeg;;Fey;;;;Si
